Признак,Линейная,Ridge,Lasso
Долгота,-53826.64801649376,-52721.631309786884,-52380.616938940824
Широта,-54415.696144498426,-53268.497486352506,-52963.131878657354
Медианный возраст дома,13889.866188563126,13895.588663804461,13856.567590605964
Всего комнат,-13094.25116219486,-12744.503202986129,-12048.420897342348
Всего спален,43068.181841870675,42198.585351069174,41938.98135975655
Население,-43403.432427319094,-43266.0188640285,-43034.621035964585
Домохозяйства,18382.19632373342,18788.7563092531,18143.612686020093
Медианный доход,75167.77476624795,75067.52780417983,74921.72987442624
Океан_INLAND,-18506.0952250862,-18825.45626186428,-18935.976788127104
Океан_ISLAND,2118.437571542445,2126.299953518254,2078.855697445234
Океан_NEAR BAY,-1621.7050178644859,-1567.667542625712,-1457.5069616884805
Океан_NEAR OCEAN,1139.9055918672457,1205.1913277336562,1192.8754496544498
