Главная компонента,Собственное значение,Доля дисперсии,Накопленная доля
ГК 1,3.9145243043140905,0.3261906027360398,0.3261906027360398
ГК 2,2.257741203070147,0.18813370580936667,0.5143243085454065
ГК 3,1.5428710375021988,0.1285647998435419,0.6428891083889483
ГК 4,1.0770139312270541,0.08974572542438766,0.7326348338133359
ГК 5,1.0008538761498924,0.08339943853516055,0.8160342723484965
ГК 6,0.974219199386984,0.08118001655906044,0.897214288907557
ГК 7,0.5745960317632179,0.04788010275578609,0.9450943916633431
ГК 8,0.41654075006455105,0.034709626959765594,0.9798040186231087
ГК 9,0.14305924933837413,0.011920882115158129,0.9917249007382669
ГК 10,0.058496061692852354,0.004874376587788093,0.996599277326055
ГК 11,0.026341726723534877,0.0021950109512893843,0.9987942882773444
ГК 12,0.01446941696892117,0.0012057117226555289,0.9999999999999999
