,Количество,Среднее,Станд. откл.,Медиана,Мода,IQR,Мин.,Макс.,Асимметрия
Долгота,20640.0,-119.57,2.0,-118.49,-118.31,3.79,-124.35,-114.31,-0.3
Широта,20640.0,35.63,2.14,34.26,34.06,3.78,32.54,41.95,0.47
Медианный возраст дома,20640.0,28.64,12.59,29.0,52.0,19.0,1.0,52.0,0.06
Всего комнат,20640.0,2635.76,2181.62,2127.0,1527.0,1700.25,2.0,39320.0,4.15
Всего спален,20640.0,536.84,419.39,435.0,435.0,346.25,1.0,6445.0,3.48
Население,20640.0,1425.48,1132.46,1166.0,891.0,938.0,3.0,35682.0,4.94
Домохозяйства,20640.0,499.54,382.33,409.0,306.0,325.0,1.0,6082.0,3.41
Медианный доход,20640.0,3.87,1.9,3.53,3.12,2.18,0.5,15.0,1.65
Медианная цена дома,20640.0,206855.82,115395.62,179700.0,500001.0,145125.0,14999.0,500001.0,0.98
Океан_INLAND,20640.0,0.32,0.47,0.0,0.0,1.0,0.0,1.0,0.78
Океан_ISLAND,20640.0,0.0,0.02,0.0,0.0,0.0,0.0,1.0,64.23
Океан_NEAR BAY,20640.0,0.11,0.31,0.0,0.0,0.0,0.0,1.0,2.48
Океан_NEAR OCEAN,20640.0,0.13,0.33,0.0,0.0,0.0,0.0,1.0,2.22
