Модель,Признаки,R2 (CV),R2 (тест),RMSE,"MAPE, %"
Lasso (alpha=50),Исходные (12),0.6476880312148472,0.6257539041949409,70029.66828527417,29.146455770947377
Ridge (alpha=10),Исходные (12),0.6477083476348112,0.6257364071110388,70031.30531058175,29.15650359746207
Линейная (OLS),Исходные (12),0.6476757451183028,0.6254240620553604,70060.5218447352,29.190663097737975
"Lasso (PCA, 6 ГК)","PCA (6 ГК, 85%)",0.5701886773461571,0.5583686091340346,76073.4999631131,30.352014803750393
"Ridge (PCA, 6 ГК)","PCA (6 ГК, 85%)",0.5701872024474475,0.5583393703680807,76076.01819267329,30.352567629355313
"Линейная (PCA, 6 ГК)","PCA (6 ГК, 85%)",0.5701864318564009,0.55832862819245,76076.94335661682,30.349511214610924
"Lasso (PCA, 5 ГК)","PCA (5 ГК, Кайзер)",0.565717797100153,0.5565546431125148,76229.57280639849,30.299774604872802
"Ridge (PCA, 5 ГК)","PCA (5 ГК, Кайзер)",0.5657087433716067,0.556541967411119,76230.66229395592,30.298042571662332
"Линейная (PCA, 5 ГК)","PCA (5 ГК, Кайзер)",0.565706625874232,0.5565315359840937,76231.5588725001,30.29479323539525
