,ГК 1,ГК 2,ГК 3,ГК 4,ГК 5,ГК 6
Долгота,0.08176733084410391,-0.6120607465181318,0.10175921453096619,-0.08708476554688938,0.05894400125416897,-0.2228583890172353
Широта,-0.07619972108453416,0.6218738337629975,0.13674542506108375,0.08415814142560307,-0.05007460836534273,0.18910537783024314
Медианный возраст дома,-0.22208321199619402,0.03356968923631744,-0.34673163549684805,-0.5094812428663875,-0.03491177106286102,-0.17651298136196025
Всего комнат,0.4821295557783053,0.08325525081321918,-0.05120031307376597,0.07536278679667721,0.026007295486790195,-0.009333868065145029
Всего спален,0.4886585732934848,0.0712000459978945,-0.03881379256016161,-0.12361053402363537,-0.02268795020477841,0.011063371123095979
Население,0.4707503890284503,0.03795498045232004,-0.03314191800984638,-0.12542761397898863,-0.016468066967283125,-0.028276204761180826
Домохозяйства,0.4897097564891949,0.07314330912650187,-0.06591394112312281,-0.11987940016444162,-0.02429048433844867,0.002408073662520411
Медианный доход,0.04317737397055537,-0.032819036998002475,-0.3203143631246566,0.7895059049518611,0.2177849224194602,-0.14060330986368677
Океан_INLAND,0.005675363614106534,0.1590184014924122,0.692124863426605,0.023761164434188804,0.0019635797757016496,0.017302020805510777
Океан_ISLAND,-0.004824679362889513,-0.015780612390618225,-0.009687795502268283,-0.18853660305005113,0.9063853903573134,0.3772949816226171
Океан_NEAR BAY,-0.05998997052651561,0.39816077324397686,-0.4264256250373958,-0.11958403855932036,0.07236131786364403,-0.2513174213879197
Океан_NEAR OCEAN,-0.0032402798485530347,-0.18327922846746159,-0.2785338797087324,0.031139740914114814,-0.34138276895219233,0.810444939501536
